{
	"intrinsic_matrix":
	[[320.621337890625,   0        , 312.8472900390625],
    [  0        , 320.2227783203125, 185.79295349121094],
    [  0        ,   0        ,   1 ]],
    "factor_depth": 1000,
    "extrinsic_matrix":
	[[-0.0001,-0.9999,-0.0002, 0.3634],
    [ -0.9962, 0.0001, 0.0872, 0.2534],
    [ -0.0872, 0.0002,-0.9962, 0.3334],
    [  0     , 0      , 0     , 1]]
}
